system,workload,threads,n_repeats,throughput_mean,throughput_stddev,rel_stddev_pct,max_rss_kb_mean,bytes_written_mean,failures
ozonedb,a,2,3,12948.037252800816,56.06312520688465,0.43298551056267254,9497581.333333334,5092305578.666667,
ozonedb,a,4,3,23537.9136655659,120.93240030419717,0.5137770578244226,21045521.333333332,8354758656,
ozonedb,a,8,3,38395.168647558436,496.8924743965676,1.2941536445840436,48853716,13336383488,
ozonedb,a,16,3,49149.251474269215,723.0275664296156,1.4710856111575523,99550993.33333333,15792887125.333334,
ozonedb,b,2,3,29676.43070812049,215.07080973178017,0.7247192623907073,15006261.333333334,1227254442.6666667,
ozonedb,b,4,3,57288.53908619662,178.77901303439506,0.3120676768618646,29347917.333333332,2300615338.6666665,
ozonedb,b,8,3,105654.68007847946,444.5242991811763,0.4207331836611375,57177488,4096410965.3333335,
ozonedb,b,16,3,160979.6023577191,256.5787198455483,0.15938585764138902,98711309.33333333,5814797653.333333,
ozonedb,c,2,3,29689.78948264912,215.9920206763373,0.7274959655829296,15257625.333333334,14979072,
ozonedb,c,4,3,58433.82898674563,492.0506111234636,0.8420646390211293,29424842.666666668,15218005.333333334,
ozonedb,c,8,3,110106.31473145187,297.1661897128944,0.2698902333055825,54983418.666666664,12916053.333333334,
ozonedb,c,16,3,189066.86153477916,80.52774461872404,0.04259220466507339,94284797.33333333,14076586.666666666,
ozonedb,d,2,3,44192.21423970866,176.7695770547597,0.4000016294633285,9656994.666666666,1941464405.3333333,
ozonedb,d,4,3,79276.45917183961,319.2123270089023,0.4026571448113971,18833650.666666668,3487988394.6666665,
ozonedb,d,8,3,137413.53229732843,304.0361718075009,0.22125635425020795,37879140,5817085952,
ozonedb,d,16,3,200949.95210087823,686.7914775046762,0.34177240169726547,72224257.33333333,8273924096,
ozonedb,f,2,3,11825.435133470472,29.636978319095196,0.2506206155172362,8773913.333333334,4608813738.666667,
ozonedb,f,4,3,21900.2024789458,52.50167590684011,0.23973146347534297,19723238.666666668,7860673194.666667,
ozonedb,f,8,3,36041.40362056095,321.07597112001287,0.8908531268655835,45891393.333333336,12165866837.333334,
ozonedb,f,16,3,46326.60555561374,1301.6130568341205,2.8096447845106454,93917894.66666667,15404501674.666666,
rocksdb,a,2,3,65.64653333333334,0.1840924858144216,0.2804298665394186,126625.33333333333,1644702378.6666667,
rocksdb,a,4,3,63.946733333333334,0.27347625734848074,0.4276625921185665,129748,1697132544,
rocksdb,a,8,3,61.60496666666667,0.2128809604763491,0.34555811324143637,144121.33333333334,1819206997.3333333,
rocksdb,a,16,3,57.797066666666666,0.1336892790515859,0.231308069356898,151918.66666666666,2002191701.3333333,
rocksdb,b,2,3,70.41746666666667,0.30257973053946585,0.4296941438858908,119548,1442387285.3333333,
rocksdb,b,4,3,68.84496666666666,0.13037385985439587,0.18937311784264432,123142.66666666667,1541229226.6666667,
rocksdb,b,8,3,65.88943333333333,0.3307955612358387,0.5020464503956963,129133.33333333333,1648553984,
rocksdb,b,16,3,61.245133333333335,0.08860487195032575,0.14467251049660396,138202.66666666666,1847091200,
rocksdb,c,2,3,74.26576666666666,0.24687912696972675,0.3324265513581988,126234.66666666667,1029419008,
rocksdb,c,4,3,72.80103333333334,0.3133780039079551,0.4304581810990161,128628,1105151317.3333333,
rocksdb,c,8,3,69.63223333333333,0.22538532191190694,0.3236795821742138,138269.33333333334,1253223082.6666667,
rocksdb,c,16,3,64.40216666666667,0.07446639062915597,0.1156271512021945,149862.66666666666,1463657813.3333333,
rocksdb,d,2,3,70.73843333333333,0.18832908254789635,0.2662330414648186,87082.66666666667,1449032362.6666667,
rocksdb,d,4,3,68.8569,0.5937990569207752,0.8623668171538004,93654.66666666667,1519674709.3333333,
rocksdb,d,8,3,66.5133,0.15697397873533087,0.23600389506359007,95158.66666666667,1638244352,
rocksdb,d,16,3,61.481366666666666,0.5846556707441849,0.950947746353803,105252,1861401258.6666667,
rocksdb,f,2,3,44.440599999999996,0.3235421456317549,0.7280328025088656,111745.33333333333,1545176405.3333333,
rocksdb,f,4,3,43.31463333333333,0.04008806971323716,0.09255086936725117,112606.66666666667,1608751786.6666667,
rocksdb,f,8,3,41.39216666666667,0.22750574351724115,0.5496347783612224,117056,1715186346.6666667,
rocksdb,f,16,3,39.164,0.21988390118424142,0.5614439311210331,130502.66666666667,1913249792,
trunkcpp,a,2,2,0.1330135,0.023502108086297272,17.66896449330126,17460,127059968,
trunkcpp,b,2,3,1.4908866666666667,0.05241763189360359,3.5158696543178056,17841.333333333332,3305472,
trunkcpp,b,4,4,2.13409,0.6824871514297297,31.980242231102235,19198,3497984,
trunkcpp,b,8,3,4.518876666666666,0.4404437494542673,9.746753052659857,23181.333333333332,3304106.6666666665,
trunkcpp,b,16,3,9.763283333333334,0.32466403286063783,3.3253570727808897,32421.333333333332,3335509.3333333335,
trunkcpp,c,2,3,65420.1,368.0115759048872,0.5625359421720346,287098.6666666667,15005013.333333334,
trunkcpp,c,4,3,124280.33333333333,628.2613575044492,0.505519530446852,559160,15060992,
trunkcpp,c,8,3,229279.0,939.0015974427307,0.4095453999026211,1103666.6666666667,14671872,
trunkcpp,c,16,3,363421.0,1002.6080989100377,0.27588061749597237,2191776,14512128,
trunkcpp,d,2,4,1.2013275,0.3380839588756024,28.14253056519578,17752,2902016,
trunkcpp,d,4,3,3.10705,0.026474691688478692,0.8520845074420653,19202.666666666668,2976426.6666666665,
trunkcpp,d,8,4,5.445305,1.1988880610660304,22.01691293813717,22414,3089408,
trunkcpp,d,16,3,9.765476666666666,1.102954903172987,11.294429763349873,28809.333333333332,2984618.6666666665,
trunkcpp,f,2,2,0.1205904,0.029400934276311706,24.38082490506019,17746,3319808,
trunkcpp,f,8,1,0.614648,,,19556,3178496,
bcw2,a,2,2,0.1288005,0.02925371464446866,22.712423200584357,17402,2422784,
bcw2,a,8,3,0.5100926666666666,0.048737156075558334,9.554569053902297,18829.333333333332,3529386.6666666665,
bcw2,b,2,4,1.234503,0.5042050167534367,40.842753460577796,17802,3107840,
bcw2,b,4,3,2.7827633333333335,0.9756257021180476,35.05960030562118,19746.666666666668,2914986.6666666665,
bcw2,b,8,3,4.868903333333333,0.448229677434832,9.205967889445988,23652,2995541.3333333335,
bcw2,b,16,4,9.960365,0.9049588362829918,9.085599135001496,32218,3095552,
bcw2,c,2,3,65233.46666666667,519.1246606869412,0.7957949917633401,286996,14680064,
bcw2,c,4,3,123020.66666666667,1104.2129927388708,0.8975833269793727,559294.6666666666,14778368,
bcw2,c,8,3,230537.0,1287.1379102489368,0.558321618763555,1103664,14544896,
bcw2,c,16,3,364512.3333333333,1192.3260180560237,0.327101694242451,2191961.3333333335,14570837.333333334,
bcw2,d,2,4,1.131063,0.11898483890535522,10.51973576231874,17670,3128320,
bcw2,d,4,2,1.87083,0.6473138317694129,34.60035555178252,18340,2959360,
bcw2,d,8,4,4.5738900000000005,0.7049616017911898,15.412736244010892,21805,2983936,
bcw2,d,16,4,11.514569999999999,1.7808002256289164,15.465625078738645,30739,3060736,
bcw2,f,2,1,0.191199,,,17672,3248128,
bcw2,f,4,3,0.27721566666666664,0.04728830183389263,17.058307851970596,18097.333333333332,2894506.6666666665,
bcw2,f,16,1,1.33856,,,21544,149340160,
hctree,a,2,3,35390.9,1336.1434204455759,3.7753869510116327,1408328,24200623445.333332,
hctree,a,4,3,33484.6,856.83564935173,2.558894683979292,1412145.3333333333,23939994965.333332,
hctree,a,8,3,32118.8,127.6947923761959,0.39757024663497986,1414221.3333333333,22143613610.666668,
hctree,a,16,3,31410.86666666667,293.0644525242407,0.9330033953989618,1424878.6666666667,21608248661.333332,
hctree,b,2,3,197128.66666666666,1830.6103717977055,0.9286373223906411,1408268,24385362602.666668,
hctree,b,4,3,320471.3333333333,1435.3349202654178,0.4478824690296016,1412122.6666666667,24009226922.666668,
hctree,b,8,3,344395.0,1399.5359945353316,0.40637523614899507,1414417.3333333333,22402569557.333332,
hctree,b,16,3,322506.0,1899.1279577743044,0.5888659304863489,1425016,23363106133.333332,
hctree,c,2,3,300857.0,9585.261029309531,3.185985710589925,1400764,58216448,
hctree,c,4,3,580880.6666666666,4831.788937167406,0.8318040545047245,1400969.3333333333,1368064,
hctree,c,8,3,1123206.6666666667,4571.174174469108,0.4069753421278163,1401812,1368064,
hctree,c,16,3,2180393.3333333335,29614.294408837995,1.3582088128825989,1402982.6666666667,1277952,
hctree,d,2,3,197445.0,556.9730693669129,0.28209023746709866,2645774.6666666665,5065860437.333333,
hctree,d,4,3,320272.6666666667,463.5615744788748,0.14473966177118083,2636788,6643074389.333333,
hctree,d,8,3,350215.3333333333,1754.602329114302,0.501006712759855,2056946.6666666667,4179613013.3333335,
hctree,d,16,3,331890.3333333333,1137.0973279949844,0.34261236733669587,1814101.3333333333,4720286378.666667,
hctree,f,2,3,36311.26666666667,421.92163174377765,1.161957900331516,1408572,24162003626.666668,
hctree,f,4,3,34040.566666666666,220.84839445495774,0.648780017728723,1411837.3333333333,23616193877.333332,
hctree,f,8,3,31699.833333333332,112.05790169967241,0.35349681659631993,1414266.6666666667,24644127402.666668,
hctree,f,16,3,30020.033333333333,935.9561225470628,3.1177717631239457,1424725.3333333333,21328038570.666668,
